Question,Answer,Category,Keywords,Source,id
What is the significance of autonomous bots in OPTIMAS for telecom?,"OPTIMAS uses autonomous bots to continuously monitor, validate, and report on control effectiveness, reducing manual intervention and ensuring real-time assurance.",Automation,"autonomous bots, automation, validation, monitoring",Client Implementation Reference ? Financial Regulator,808
How many bots are typically deployed in a telecom implementation of OPTIMAS?,"In large telecom implementations, over 50 bots are deployed to cover control validation, compliance orchestration, and anomaly detection across RAN, Core, and Network.",Automation,"bots, deployment, telecom controls, validation",Client Implementation Reference ? Leading Telco,809
How does OPTIMAS handle Third Party Risk Management?,"OPTIMAS assesses third-party controls, performs risk profiling, and automates compliance mapping using frameworks like SCF for smart cities and large telecoms.",Third Party Risk,"third party, risk, SCF, profiling, compliance",Client Implementation ? Smart City,810
How does OPTIMAS automate policy orchestration for financial regulators?,"OPTIMAS maps InfoSec and GRC processes to CIS Top 20 controls, enabling automated workflows and compliance tracking using custom bots.",Policy Automation,"policy orchestration, CIS controls, InfoSec, GRC",Client Implementation Reference ? Financial Regulator,811
What role does OPTIMAS play in Smart City cybersecurity management?,"OPTIMAS unifies compliance, risk, third-party, incident, and vulnerability management for Smart Cities, helping maintain cyber hygiene and resilience.",Smart City,"Smart City, cyber hygiene, risk, compliance, incident",Client Implementation Reference ? Smart City,812
Which telecom domains are supported by OPTIMAS OT Compliance solution?,"OPTIMAS OT Compliance supports RAN, Signaling, Core, and Network domains with controls for MBSS definition, validation, and enforcement.",OT Compliance,"OT compliance, RAN, Core, Signaling, MBSS",Client Implementation Reference ? Leading Telco,813
What is MBSS in the context of OPTIMAS telecom solutions?,"MBSS stands for Minimum Baseline Security Standards, which OPTIMAS defines, validates, and enforces across telecom domains like 4G, 5G, and ORAN.",MBSS,"MBSS, baseline security, ORAN, telecom security",Telecom Use Cases Slide,814
How does OPTIMAS support Incident Management for telecom?,"OPTIMAS automates incident detection, correlation, and response playbooks across IT, OT, and network layers for telecom infrastructure.",Incident Management,"incident detection, response, playbooks, telecom",Smart City Client Reference,815
What is the role of SCF in OPTIMAS?,SCF (Secure Controls Framework) is used by OPTIMAS to assess third-party risk and compliance posture in telecom and smart city use cases.,Frameworks,"SCF, Secure Controls Framework, third-party, risk",Smart City Client Reference,816
What kind of dashboard views does OPTIMAS provide?,"OPTIMAS offers executive, compliance, and operations dashboards with drill-downs into posture, risk scores, control status, and remediation progress.",Dashboards,"dashboards, posture, compliance view, remediation",Multiple Implementation Slides,817
How does OPTIMAS support Telecom Asset Management Assurance?,"It helps discover and reconcile unauthorized software, assets, users, and nodes via integrations with CMDB, SIEM, PAM, and NMS tools.",Asset Management,"asset discovery, CMDB, PAM, SIEM, NMS",Telecom Use Cases Slide,818
What regions does OPTIMAS serve for telecom customers?,"OPTIMAS has telecom customers across North America, Europe, Asia Pacific, the Middle East, and Africa.",Global Presence,"geography, global, telecom customers, regions",Thank You Slide,819
What are the contact locations for OPTIMAS offices?,"OPTIMAS has offices in New York (USA), Dubai (UAE), and Bangalore (India).",Contact,"contact, offices, New York, Dubai, Bangalore",Thank You Slide,820
What GSMA membership does OPTIMAS hold?,"OPTIMAS is a GSMA Industry Member, ensuring alignment with global telecom standards and industry collaboration.",Membership,"GSMA, industry membership, telecom standards",Thank You Slide,821
What are the key compliance frameworks supported by OPTIMAS for telecom?,"OPTIMAS supports 3GPP, GSMA, ISO 27001, CIS CSC, PCI-DSS, NIST CSF, ETSI TS standards, and more.",Compliance,"3GPP, GSMA, ISO, NIST, PCI-DSS, ETSI, telecom",Policy and Standards Slide,822
How does OPTIMAS simplify control validation across multiple frameworks?,"OPTIMAS maps controls across multiple frameworks, automating validation and reducing duplication in compliance efforts.",Compliance,"control validation, multi-framework, automation",Policy and Standards Slide,823
Does OPTIMAS support cloud-native integrations?,"Yes, OPTIMAS integrates with cloud-native services such as AWS EC2, Azure, and others for control validation.",Cloud,"cloud, AWS EC2, Azure, cloud-native, integrations",Security Integrations Slide,824
Can OPTIMAS be integrated with legacy telecom systems?,"Yes, OPTIMAS supports legacy and modern systems, enabling hybrid integration with older NMS, CMDB, and telecom control platforms.",Integrations,"legacy systems, telecom integration, hybrid support",OEM & Security Integrations Slides,825
How does OPTIMAS contribute to proactive telecom risk posture management?,"By providing real-time insights into risks, validating control effectiveness, and automating remediation, OPTIMAS helps telcos shift from reactive to proactive security.",Risk Posture,"proactive security, telecom risk, remediation, posture",Overview & Use Case Slides,826
What role does OPTIMAS play in governance of telecom infrastructure?,"OPTIMAS ensures governance by continuously assessing configurations, policies, and control effectiveness across IT, OT, and telecom environments.",Governance,"governance, telecom infrastructure, control assessment",Overview & Implementation Slides,827
What is Network Security Audit Orchestration in OPTIMAS?,"It refers to the automation of security, performance, and continuity audits for continuous inline control assessment and non-conformity reporting.",Telecom Use Cases,"Network Security, Audit, Orchestration",OPTIMAS Telecom Use Cases Slide,828
How does OPTIMAS handle Minimum Baseline Security for telecom?,"OPTIMAS performs MBS compliance assessment, automated remediation, and posture reporting for telecom environments including 4G, 5G, and ORAN.",Telecom Use Cases,"Minimum Baseline Security, 4G, 5G, ORAN",OPTIMAS Telecom Use Cases Slide,829
What does Telecom Protocol Anomaly Detection in OPTIMAS involve?,It automates SOC processes like incident response and playbook automation to detect anomalies in telecom protocols.,Telecom Use Cases,"Telecom Protocol, Anomaly, SOC",OPTIMAS Telecom Use Cases Slide,830
What is Control Performance Assurance in OPTIMAS?,"It assesses the operating effectiveness of controls like WAF, IDS/IPS, EDR, Firewalls, and DLP for performance assurance.",Telecom Use Cases,"Control Performance, WAF, IDS, DLP",OPTIMAS Telecom Use Cases Slide,831
What is Telecom Asset Management Assurance in OPTIMAS?,"OPTIMAS ensures discovery and remediation of unauthorized assets, users, and software while onboarding tools like SIEM, CMDB, PAM, etc.",Telecom Use Cases,"Telecom Assets, SIEM, CMDB, PAM",OPTIMAS Telecom Use Cases Slide,832
What types of telecom devices are supported out-of-the-box?,"OPTIMAS supports devices from Nokia, Ericsson, Huawei, Cisco, Mavenir, and Samsung.",Telecom OEM,"OEM, Nokia, Ericsson, Huawei, Cisco",Telecom OEM Coverage Slide,833
Does OPTIMAS integrate with third-party security tools?,"Yes, it integrates with over 200 control and security toolsets for seamless control and compliance validation.",Integrations,"Security Tools, Integration, Control",Security Integrations Slide,834
What does the OPTIMAS Policy and Standards Library do?,"It supports end-to-end adherence to global, local, and product-specific regulations and obligations in real-time.",Compliance,"Policies, Standards, Regulations",Policy and Standards Library Slide,835
Which standards does OPTIMAS adhere to?,"OPTIMAS adheres to 3GPP (TS 33.102, TS 33.401, TS 33.501), ETSI TS 103 645, ISO 27001, and NIST.",Compliance,"3GPP, ISO 27001, NIST, ETSI",Policy and Standards Library Slide,836
How does OPTIMAS manage compliance autonomously?,"It uses an autonomous journey for E2E adherence to standards, regulations, and obligations to maintain real-time compliance posture.",Compliance,"Autonomous Compliance, Standards, E2E",Policy and Standards Library Slide,837
What client references exist for telecom OT compliance?,"A leading telco implemented ACVM? for OT compliance, automating MBSS control validation and enforcement across RAN, Core, and Network.",Client Implementation,"Telecom, ACVM, OT, MBSS",Client References Slide,838
How does OPTIMAS help financial regulators?,"OPTIMAS orchestrated policy, GRC, and SoC processes at a financial regulator and automated 50+ control monitoring bots.",Client Implementation,"Financial Regulator, ACVM, GRC, SoC",Client References Slide,839
What are OPTIMAS capabilities in Smart City governance?,"It supports third-party risk, incident, vulnerability, policy, and SCF management with automated orchestration.",Client Implementation,"Smart City, Risk, 3rd Party, SCF",Client References Slide,840
What does ACVM? stand for?,ACVM? stands for Autonomous Control Validation & Monitoring?.,Solution Overview,"ACVM, Control Validation, Monitoring",All Slides,841
What is the benefit of MBSS automation in telecom?,"MBSS automation improves posture validation, ensures enforcement, and reduces manual effort across telecom environments.",Telecom Use Cases,"MBSS, Automation, Telecom",Client References Slide,842
How does OPTIMAS improve SOC operations?,"Through automation of incident response, protocol anomaly detection, and playbook execution.",Telecom Use Cases,"SOC, Incident Response, Playbooks",Telecom Use Cases Slide,843
How is disaster recovery managed in OPTIMAS?,"OPTIMAS enables resilience automation, testing, and SLA compliance for DR/BCM operations.",Telecom Use Cases,"Disaster Recovery, DR/BCM, SLA",Telecom Use Cases Slide,844
What kind of changes can be governed in OPTIMAS?,"Changes to assets, applications, and infrastructure are reconciled and assured for governance.",Telecom Use Cases,"Change Management, Governance",Telecom Use Cases Slide,845
Does OPTIMAS cover industry-specific telecom compliance?,"Yes, it enforces and validates vendor-specific and industry 5.0 OT compliance controls.",Telecom Use Cases,"Industry 5.0, OT, Telecom Compliance",Telecom Use Cases Slide,846
Can OPTIMAS handle vulnerability and incident management?,"Yes, particularly in smart city and 3rd party risk orchestration contexts.",Client Implementation,"Vulnerability, Incident, Smart City",Client References Slide,847
How does OPTIMAS support 5G network compliance?,"OPTIMAS automates the enforcement and validation of 5G-specific policies and security benchmarks, ensuring regulatory alignment across RAN, MEC, and Core.",Telecom Compliance,"5G, RAN, MEC, Core, Compliance",Telecom Use Cases,848
What are the benefits of Telecom Resilience Assurance?,"OPTIMAS validates disaster recovery, service continuity, and SLA alignment using AI-driven resilience posture assessments.",Telecom Resilience,"SLA, DR, Service Continuity, Resilience",Telecom Use Cases,849
Can OPTIMAS monitor telecom vendor-specific controls?,"Yes, OPTIMAS includes vendor-specific control validation for Nokia, Ericsson, Huawei, Mavenir, and others.",Telecom Vendors,"Vendor-specific, Nokia, Ericsson, Huawei",Telecom OEM Coverage,850
How does OPTIMAS validate 3GPP security controls?,"OPTIMAS provides automated validation for 3GPP TS 33.102, 33.401, and 33.501 across 4G and 5G infrastructure.",Telecom Standards,"3GPP, TS 33.102, 33.501, 33.401",Standards Coverage,851
What?s included in telecom OT infrastructure compliance?,"OPTIMAS covers OT systems used in telecom like BBU, DU, CU, and automates compliance for Industry 5.0 transitions.",OT Compliance,"OT, BBU, CU, DU, Industry 5.0",Telecom OT Mapping,852
How does OPTIMAS track and validate telecom control failures?,"The platform continuously monitors control effectiveness, detects anomalies, and initiates automated remediation playbooks.",Control Monitoring,"Control Failure, Automation, SOC",Telecom Control Framework,853
What is the Telecom Control Framework in OPTIMAS?,"A structured mapping of policies, controls, threats, and obligations tailored for telecom security and compliance assurance.",Telecom Framework,"Controls, Threats, Obligations, Mapping",OPTIMAS Telecom Slides,854
Does OPTIMAS support continuous compliance in telecom?,"Yes, via autonomous assessment, signal-based compliance tracking, and remediation for evolving obligations.",Continuous Compliance,"Real-time, Signal-based, Obligations",Policy & Standards Library,855
How does OPTIMAS manage policy conflicts across vendors?,"Through unified policy modeling, crosswalks, and traceability between telecom vendors' standards and enterprise controls.",Policy Management,"Policy Conflict, Vendors, Crosswalks",Telecom Slides,856
How can OPTIMAS help reduce audit fatigue in telecom?,By automating control validations and producing audit-ready compliance reports across multiple frameworks and vendors.,Audit Automation,"Telecom Audit, Validation, Reporting",OPTIMAS Telecom Use Cases,857
What role does AI play in OPTIMAS telecom solutions?,"AI is used for predictive compliance, anomaly detection, intelligent signal correlation, and automated remediation.",AI-Driven Features,"AI, Telecom, Predictive Compliance",OPTIMAS Platform,858
What is Telecom Exposure Monitoring in OPTIMAS?,"It involves continuous visibility into control gaps, misconfigurations, and threat vectors across telecom systems.",Telecom Visibility,"Exposure, Misconfigurations, Gaps",Platform Features,859
How does OPTIMAS enable zero-touch compliance?,"OPTIMAS achieves zero-touch compliance via autonomous policy enforcement, continuous validation, and closed-loop remediation.",Autonomous Compliance,"Zero-touch, Closed-loop, Validation",Platform Architecture,860
Which personas benefit from OPTIMAS in telecom?,"CISOs, Compliance Heads, OT Security Managers, CTOs, and SOC Leads benefit through targeted dashboards and workflows.",Telecom Personas,"CISO, Compliance, SOC, OT",Telecom Slides,861
What is Telecom SOC Augmentation?,"OPTIMAS automates SOC activities like incident triage, telecom protocol monitoring, and remediation, enhancing security operations.",SOC Automation,"SOC, Incident, Triage, Protocol",Telecom Use Cases,862
Can OPTIMAS manage telecom change requests?,"Yes, it reconciles change requests with real-time asset and application behavior for governance assurance.",Change Governance,"Change Request, Asset Behavior",Telecom Governance,863
What is the role of signal-based validation in telecom?,"Signals from network behavior, access logs, and asset posture are used to validate control performance and compliance.",Signal-based Assurance,"Signal, Logs, Validation, Telecom",Platform Capabilities,864
How does OPTIMAS support telecom third-party risk?,"OPTIMAS evaluates third-party assets, users, and systems within telecom environments for posture, policy adherence, and exposure.",3rd Party Risk,"Vendor Risk, Exposure, Telecom",Client Use Cases,865
What kind of telecom events does OPTIMAS ingest?,"Network logs, control failures, protocol deviations, threat alerts, and configuration changes are ingested in real time.",Data Ingestion,"Network Logs, Alerts, Telecom",Data Sources,866
Is there an audit trail for telecom policy changes?,"Yes, OPTIMAS logs every change in policies, controls, and standards with timestamps, user actions, and approval workflows.",Audit Trail,"Policy Change, Logging, Audit",Compliance Framework,867
How does OPTIMAS support telecom NMS (Network Management Systems)?,"OPTIMAS integrates with NMS tools to validate configurations, detect anomalies, and ensure policy adherence across telecom networks.",NMS Integration,"NMS, Telecom, Configuration, Monitoring",Telecom Use Cases,868
Can OPTIMAS help with SIM swap fraud detection in telecom?,"Yes, by correlating unusual access signals and provisioning anomalies, OPTIMAS helps flag and prevent SIM swap-related fraud.",Fraud Detection,"SIM Swap, Telecom Fraud, Anomaly",Telecom Signals,869
What frameworks does OPTIMAS map for telecom compliance?,"OPTIMAS maps frameworks like 3GPP, GSMA, NIST, ISO 27001, and PCI DSS to telecom-specific obligations.",Framework Mapping,"3GPP, GSMA, PCI DSS, ISO, NIST",Compliance Mapping,870
How is asset discovery handled for telecom networks?,"OPTIMAS uses passive discovery, integrations with CMDB/NMS, and signal-based inference to map all assets and devices.",Asset Discovery,"CMDB, Asset Mapping, NMS, Passive",Telecom Architecture,871
What does control assurance mean in a telecom context?,"It means validating whether each control (WAF, IPS, EDR, etc.) is operating effectively within telecom environments.",Control Validation,"WAF, IPS, EDR, Assurance",Platform Features,872
Can telecom DR drills be validated using OPTIMAS?,"Yes, OPTIMAS autonomously validates DR drills and ensures SLA coverage using signal-based and outcome-based metrics.",DR Assurance,"Disaster Recovery, SLA, Drills",Resilience Validation,873
How does OPTIMAS improve telecom SLA compliance?,It provides resilience posture validation and compliance tracking against DR/BCM SLA metrics defined in telecom SLAs.,SLA Tracking,"SLA, Telecom, BCM, DR",Telecom Slides,874
What does unified policy enforcement mean in telecom?,"OPTIMAS unifies enforcement across 4G, 5G, ORAN, MEC, and vendor-specific policies through a centralized validation layer.",Unified Policy,"ORAN, 4G, 5G, MEC, Vendor",Platform Capabilities,875
Does OPTIMAS offer real-time exposure visualization for telecom?,"Yes, OPTIMAS provides real-time exposure heatmaps and dashboards for telecom environments to prioritize remediation.",Exposure Dashboard,"Heatmap, Telecom, Visualization",Platform UI,876
How does OPTIMAS handle telecom protocol-specific validations?,"Protocols like SIP, RTP, GTP, and SCTP are monitored for violations, with control rules mapped and validated.",Protocol Compliance,"SIP, RTP, GTP, SCTP, Telecom",Telecom Protocols,877
What is the role of CMDB sync in telecom validation?,"OPTIMAS syncs with CMDB to validate real-time asset data, ensuring accuracy for policy mapping and signal reconciliation.",CMDB Integration,"CMDB, Asset Sync, Validation",Platform Architecture,878
Can OPTIMAS help in onboarding new telecom assets?,"Yes, onboarding workflows trigger validations, assign controls, and ensure proper policy and role mappings.",Asset Onboarding,"Telecom Onboarding, Control Assignment",Platform Features,879
How is policy lifecycle managed for telecom use cases?,"Through centralized creation, versioning, signal-based validation, and alignment with control obligations.",Policy Lifecycle,"Policy Management, Versioning",P&S Validation,880
What?s the value of telecom change impact analysis?,"OPTIMAS analyzes the effect of any infrastructure or control change on compliance, risk, and performance.",Change Impact,"Infrastructure, Risk, Impact",Platform Governance,881
Can telecom threat intelligence be integrated into OPTIMAS?,"Yes, threat feeds and indicators can be ingested and correlated with exposure signals for proactive posture management.",Threat Intelligence,"TI, Threat Feed, Indicators",Platform Integration,882
Does OPTIMAS offer dashboards for telecom regulators?,"Yes, compliance dashboards can be customized for regulator-facing views, including GSMA/NIST alignment and audit status.",Regulator View,"Regulator Dashboard, GSMA, Audit",Compliance UI,883
What if a telecom node is misconfigured?,OPTIMAS identifies misconfigurations through continuous validation signals and initiates guided remediation.,Misconfiguration Detection,"Node, Signal, Validation",Continuous Signals,884
How are incidents prioritized in telecom environments?,"Based on impact, asset criticality, exposure signals, and policy violations ? all scored in real time.",Incident Scoring,"Impact, Criticality, Policy",SOC Automation,885
What?s the coverage for ORAN-based telecom infra?,"OPTIMAS validates control posture across Distributed Units (DUs), Centralized Units (CUs), and open interfaces in ORAN.",ORAN Compliance,"ORAN, DU, CU, Interfaces",Telecom Frameworks,886
How does OPTIMAS reduce MTTR in telecom incidents?,"Through automated playbooks, signal correlation, and root-cause analytics, MTTR is drastically reduced.",MTTR Optimization,"Mean Time to Resolve, Playbooks",Platform Automation,887
